{
  "model_type": "lr_pca",
  "features": [
    "Flow Duration",
    "Total Fwd Packets",
    "Total Backward Packets",
    "Total Length of Bwd Packets",
    "Flow Packets/s",
    "SYN Flag Count",
    "ACK Flag Count",
    "RST Flag Count",
    "Destination Port",
    "Fwd Packet Length Mean",
    "Fwd Packet Length Std",
    "Bwd Packet Length Mean",
    "Bwd Packet Length Std",
    "Packet Length Mean",
    "Packet Length Std",
    "Flow IAT Mean",
    "Flow IAT Std",
    "Fwd Packets/s",
    "Bwd Packets/s",
    "Average Packet Size",
    "Down/Up Ratio"
  ],
  "n_features": 21,
  "n_components": 9,
  "scaler_mean": [
    14790727.647473367,
    9.475732219422712,
    10.568863987976838,
    16461.154293860232,
    70799.49423070477,
    0.046421783141051144,
    0.31547628519648147,
    0.00024046324536975645,
    8070.843846969898,
    58.285984904929734,
    68.97519402343774,
    306.3216603707828,
    335.6682184974051,
    172.20120017412984,
    295.3704723654706,
    1300267.7468947396,
    2923372.4856587485,
    63883.832738843346,
    6998.315065464844,
    192.26732086555378,
    0.6839415638951509
  ],
  "scaler_scale": [
    33656207.73934454,
    767.6955890755416,
    1025.9201774996855,
    2303957.831102451,
    254356.48244780814,
    0.210396770866514,
    0.4647052815227193,
    0.015505012828030254,
    18286.29134349643,
    186.54738476282836,
    281.7205063245016,
    605.744908215865,
    840.255060335727,
    305.86096204681513,
    632.4909113644638,
    4513859.356411316,
    8055855.44157537,
    247559.2469779774,
    38210.28383965192,
    332.2446517445071,
    0.6761204380744039
  ],
  "pca_mean": [
    3.3506033263001146e-17,
    -7.435839309163405e-19,
    -9.025868306107005e-19,
    -7.467247289349946e-19,
    -3.04856848483625e-16,
    3.9611744611264567e-17,
    5.883656928344586e-17,
    6.378960775886326e-18,
    1.540875507951665e-17,
    1.7788223658448938e-16,
    2.3033042269799295e-16,
    3.2495560020449677e-16,
    2.153802241291998e-17,
    -1.1796680318163588e-16,
    -3.8417456164671377e-16,
    7.156151245602264e-17,
    1.5486646870379268e-16,
    -2.30738726440418e-17,
    4.85897157475871e-17,
    2.506670898687778e-16,
    8.134666868313926e-19
  ],
  "pca_components": [
    [
      0.2659190003920015,
      0.014613697730600506,
      0.014525605827112518,
      0.013961720523457018,
      -0.10380948362391033,
      -0.04314630412155573,
      -0.032390583608842546,
      0.005301505106289009,
      -0.09536497011157324,
      0.12198161142442387,
      0.1474168133552423,
      0.38551677683214414,
      0.3745589170329433,
      0.39414001738070964,
      0.39936350761391526,
      0.16314510932745485,
      0.26896007352500007,
      -0.09765411779981803,
      -0.0585392458038309,
      0.3918639769303511,
      -0.003885824670512387
    ],
    [
      -0.0033210219610897316,
      0.5773443257086788,
      0.5770535955209144,
      0.5767556024028411,
      0.00625180711601575,
      0.003960840245968288,
      0.0032738769221673054,
      -0.00019769814021159643,
      0.0028728068039716357,
      -0.00916431694019049,
      -0.009691813117630267,
      -0.0036551030186186724,
      -0.012198370995225472,
      -0.0029217903805887615,
      -0.010886559349850196,
      -0.012358698440241364,
      -0.016270002025378576,
      0.005953793207029288,
      0.0030209041042869077,
      -0.004094497939478112,
      0.002218292721759258
    ],
    [
      0.07311503068123949,
      -0.0013633981816907614,
      -0.0017571003884457282,
      -0.0013933252324925644,
      0.5028398462295313,
      0.30700057364395417,
      0.3984936722953529,
      -0.0023803747881550523,
      0.33426991348050716,
      0.1318445615911667,
      0.14827238451463645,
      0.002840420799105738,
      0.03301179545203515,
      0.036920980150891125,
      0.06648231730399327,
      0.07763526366204884,
      0.09729606190426805,
      0.49877136313392273,
      0.11242441100942369,
      0.03553533802411079,
      -0.22933286311377735
    ],
    [
      -0.07845382679100006,
      0.003942189716917954,
      0.004051844320603528,
      0.0033022289163343603,
      -0.16681488358040408,
      0.020157507411538902,
      -0.036410945132036535,
      0.014397200931372029,
      0.1940410806866302,
      0.6378876995072497,
      0.6061443221274355,
      -0.18742325410294794,
      -0.18839664386205326,
      0.03610632975483143,
      0.016460423280209083,
      -0.1330498405778908,
      -0.12839741057712736,
      -0.16647783644101297,
      -0.030292982244378267,
      0.0383950456144172,
      0.12482674466259686
    ],
    [
      0.4028916680528562,
      0.00800171113071707,
      0.00718406252214252,
      0.006676372664686945,
      -0.20518380846095252,
      0.10054534936110945,
      0.13409493148714774,
      0.008081630176519026,
      -0.02272219007449154,
      0.04792740041635934,
      0.06683092806770716,
      -0.18377278305029474,
      -0.1722429852425501,
      -0.2085136106479311,
      -0.17603769365220776,
      0.5424930281019543,
      0.4478708867386366,
      -0.1913024897632458,
      -0.12428115929739655,
      -0.21867766245229284,
      -0.1653033457675983
    ],
    [
      -0.11151254622846549,
      -0.0028191389340625587,
      -0.0019836386050848588,
      -0.0011321763232649328,
      -0.3311585665161411,
      0.2337917833113557,
      0.5076333247946232,
      -0.057091393444761315,
      0.5204589165710563,
      -0.16029306656921044,
      -0.19145876839551162,
      0.08357890793670046,
      0.09872129442803299,
      0.02599297032403408,
      0.04730210554510649,
      -0.052000451139670646,
      -0.030426112843416807,
      -0.3550874739950742,
      0.10288220562596127,
      0.02628831823905061,
      0.26155530614161576
    ],
    [
      0.1029178290879563,
      0.0003734951944373479,
      0.0014483754439674787,
      0.0012930156676223378,
      0.16116029979196014,
      -0.308133753795492,
      -0.11341482745734517,
      -0.009490833677047254,
      0.07784779125535682,
      0.03366919353718035,
      0.008192115753296444,
      -0.03475334642841118,
      -0.047511746314466086,
      -0.019279800857060155,
      -0.03083730852283464,
      0.201518303102671,
      0.1848203790995278,
      0.05528367713379863,
      0.7119804563488863,
      -0.020202260740090502,
      0.5082660315934857
    ],
    [
      -0.007843346571968493,
      -0.00012048135734440583,
      -0.00019906385534662984,
      -0.00019950697008763648,
      -0.014388059390360584,
      0.009565079718523828,
      0.026684082475781017,
      0.9979772098018518,
      0.030760441407874914,
      -0.01958212187143738,
      -0.018606576688422312,
      0.008377314144453687,
      0.009211628993368562,
      0.000183847816759936,
      -0.0004839855156193455,
      -0.010223969846235595,
      -0.001131542495387631,
      -0.018671996111356694,
      0.025552068239483645,
      -0.0006178456956664907,
      0.005515035988894278
    ],
    [
      -0.051284015556016846,
      -0.0020460342365169843,
      -0.0003393382649727863,
      -0.000760002749645086,
      0.11397212530793295,
      0.5217595776709508,
      -0.22274306141307115,
      0.015317016058529802,
      -0.08344738081647758,
      0.032274868234690814,
      -0.10029283834250104,
      -0.016578657593062564,
      -0.06880190424417025,
      0.05018132962881467,
      -0.04089320101343614,
      0.1805214367297844,
      0.05571006066619538,
      0.173643416839941,
      -0.36935279109588703,
      0.0657844418336987,
      0.6545516123938828
    ]
  ],
  "lr_coef": [
    -0.8358116117549155,
    -34.57534057293275,
    -0.8716054307596292,
    -5.205980971848477,
    -1.1927199154571801,
    1.218715669168978,
    0.05298627572813374,
    0.11772538447982164,
    -0.19017063655175673
  ],
  "lr_intercept": -1.6744290017007892,
  "lr_threshold": 0.5978744297469932
}