{
  "model_type": "lr_pca",
  "features": [
    "Flow Duration",
    "Total Fwd Packets",
    "Total Backward Packets",
    "Total Length of Bwd Packets",
    "Flow Packets/s",
    "SYN Flag Count",
    "ACK Flag Count",
    "RST Flag Count",
    "Destination Port",
    "Fwd Packet Length Mean",
    "Fwd Packet Length Std",
    "Bwd Packet Length Mean",
    "Bwd Packet Length Std",
    "Packet Length Mean",
    "Packet Length Std",
    "Flow IAT Mean",
    "Flow IAT Std",
    "Fwd Packets/s",
    "Bwd Packets/s",
    "Average Packet Size",
    "Down/Up Ratio"
  ],
  "n_features": 21,
  "n_components": 9,
  "scaler_mean": [
    14787382.33937782,
    9.440566876384407,
    10.52658945910504,
    16391.363498308016,
    70818.72862133819,
    0.046385929756835476,
    0.3153418104485602,
    0.00023820399102191967,
    8065.497606172676,
    58.37203080733908,
    69.06008220865077,
    306.2607909499267,
    335.4807185158333,
    172.22943958725426,
    295.34520127822503,
    1298523.091458691,
    2922121.5790801556,
    63905.960730218525,
    7001.658341621071,
    192.3009102237119,
    0.6840688188520041
  ],
  "scaler_scale": [
    33653376.057930596,
    768.5814345553873,
    1026.8688979399035,
    2313879.898276482,
    254547.80055895052,
    0.21031946005405555,
    0.46465186218456567,
    0.015432020278647285,
    18279.633096574828,
    186.95510874814488,
    282.14779165686156,
    605.659756731303,
    839.8511276518909,
    305.9052092855159,
    632.4023683627322,
    4506717.771948986,
    8052323.185135972,
    247709.66174350702,
    38264.58184843039,
    332.2950707811846,
    0.6753536558431024
  ],
  "pca_mean": [
    1.5578358172523965e-17,
    -6.752715740106155e-19,
    2.369557616295648e-18,
    -8.288216993670345e-19,
    -3.4046250522209634e-17,
    4.64000560622488e-17,
    4.852183961262841e-17,
    -3.1320735797133197e-18,
    -1.1376668378680137e-17,
    -1.0329735705795461e-16,
    -8.579089787953471e-17,
    8.221911257720982e-17,
    -3.8663223609631054e-16,
    -1.9060456242538396e-16,
    -1.1637005636670792e-16,
    -7.301482949476539e-17,
    -1.9073717389728268e-16,
    -1.0666150071349071e-16,
    1.8199877585427192e-16,
    -1.7713402870093447e-16,
    3.193842607413516e-17
  ],
  "pca_components": [
    [
      0.26600793011259716,
      0.014533271276738313,
      0.014446907009328698,
      0.013874819396496084,
      -0.10368216952703926,
      -0.04306822571502443,
      -0.03228211387015486,
      0.005272096071979684,
      -0.09513289033551332,
      0.12201961485939275,
      0.14744457823633536,
      0.38546066414003455,
      0.3745055753535958,
      0.3941235603617869,
      0.39935128748775217,
      0.16341417325182372,
      0.26912496342875736,
      -0.09753754446088954,
      -0.05851425174250275,
      0.39183992066499895,
      -0.003994679160311669
    ],
    [
      -0.003453966485894099,
      0.5773770908433594,
      0.577055396079841,
      0.5767337116420367,
      0.006049982777326994,
      0.0034412088898257936,
      0.0031136461863629284,
      -0.0001610685158926135,
      0.002725279477356766,
      -0.009154591609186222,
      -0.009683600985843687,
      -0.003620743599650684,
      -0.012101937664696317,
      -0.0029091312721337454,
      -0.010822432441797253,
      -0.012365653492798003,
      -0.016244352396222024,
      0.005751877381723993,
      0.002988595988666678,
      -0.0040735358083851,
      0.002310279896506662
    ],
    [
      0.0727269698477948,
      -0.0010827549168532652,
      -0.0014729431423994536,
      -0.0011111891627593375,
      0.5027045276336127,
      0.30702947149079374,
      0.39850842586561824,
      -0.002388446015995992,
      0.3344996836489704,
      0.13264671290618915,
      0.14900379754911666,
      0.0024620421183969027,
      0.032588544392347145,
      0.037010411719081385,
      0.06643321224013779,
      0.07711758182994438,
      0.09684411181024884,
      0.4986081787086579,
      0.11272506711174364,
      0.03566111050096931,
      -0.2290401495035083
    ],
    [
      -0.07878239274020872,
      0.003912860555784707,
      0.00402308362527296,
      0.0032778620600159448,
      -0.16785832185013344,
      0.02037596682981615,
      -0.03656417246493857,
      0.01395950504071065,
      0.1942694363289247,
      0.6374360934562324,
      0.6055584768605263,
      -0.1875319090307076,
      -0.18850116908797152,
      0.03626083184782433,
      0.01658637633417595,
      -0.13316456585001996,
      -0.12849765114058767,
      -0.16752309168398896,
      -0.030478013931255803,
      0.038586560277178834,
      0.12587337350534022
    ],
    [
      0.4029299180101084,
      0.008048412965999313,
      0.007227091786252819,
      0.006727350933121418,
      -0.2048357233485199,
      0.10010477171127209,
      0.13429050335801643,
      0.007873147139944692,
      -0.022083451138827342,
      0.04795338109041458,
      0.06690625355796545,
      -0.1838729279271426,
      -0.17245013942677398,
      -0.20858513456480846,
      -0.17613173377612895,
      0.5426147133521115,
      0.44799234277647276,
      -0.19096898462975456,
      -0.12406333185095511,
      -0.21877075428231427,
      -0.16498235142236897
    ],
    [
      -0.11111484630046214,
      -0.002769873213749153,
      -0.0019275138525522637,
      -0.0010873961026615796,
      -0.3306551308257153,
      0.23357562650809938,
      0.5070832967432068,
      -0.05655150235345801,
      0.5202625924847408,
      -0.16093354162749016,
      -0.1923860465978768,
      0.0838398636291909,
      0.09897935663835396,
      0.025830562719401654,
      0.0471956039475752,
      -0.05162932951283722,
      -0.029899168142674876,
      -0.3548941284407688,
      0.1050650948413246,
      0.02611653753433456,
      0.2624557338447788
    ],
    [
      0.10278369615674461,
      0.0003083727772105159,
      0.001370719224193851,
      0.0012150125138061278,
      0.16207091451223948,
      -0.3089052904482137,
      -0.1146942213240324,
      -0.010258837192498814,
      0.07646501454058796,
      0.03405032777992671,
      0.0085564929716833,
      -0.03481420400227488,
      -0.047606802994701075,
      -0.019318293807128604,
      -0.03079755998608039,
      0.20145176213339003,
      0.1844895763014034,
      0.056157927898908014,
      0.7117400090655533,
      -0.020237105933971093,
      0.5077860022410686
    ],
    [
      -0.007406854182734964,
      -0.00012347954423444014,
      -0.00021417567822805606,
      -0.0002219895637477274,
      -0.014231171966070632,
      0.009014821385794297,
      0.026330608192458665,
      0.9979971268278719,
      0.030659187867771012,
      -0.019292196532700367,
      -0.01813793045468878,
      0.008213935940901558,
      0.009040972849428846,
      0.00011658493648710215,
      -0.0005525679544611359,
      -0.010139942308161468,
      -0.001013477260539913,
      -0.018646258473488584,
      0.02641597125392325,
      -0.0007004687492454028,
      0.005400002563019988
    ],
    [
      -0.0509977305481538,
      -0.001928529282865723,
      -0.00022082341809887045,
      -0.0006455277996177016,
      0.11377226383188951,
      0.5239819530470969,
      -0.22339008743314645,
      0.015875068541535142,
      -0.08443888009857291,
      0.032212498768088356,
      -0.10088999454720708,
      -0.016465910673469704,
      -0.06850485113191498,
      0.04999185223944045,
      -0.040811724923680584,
      0.1800844241304254,
      0.05581546628304116,
      0.17318913845019093,
      -0.3675566260555375,
      0.0656659058288248,
      0.6536921070325019
    ]
  ],
  "lr_coef": [
    -0.8453055162578841,
    -35.069564817824684,
    -0.8978366002258427,
    -5.231382582604346,
    -1.2067427069700893,
    1.2323229291649946,
    0.05100307577578709,
    0.11676091622324641,
    -0.18887970707795962
  ],
  "lr_intercept": -1.6826358527369591,
  "lr_threshold": 0.5979724497825379
}